{
	"format_version": "1.8.0",
	"animations": {
		"animation.training_target.hurt": {
			"animation_length": 0.16,
			"bones": {
				"bone": {
					"rotation": {
						"0.0": [0, 0, 0],
						"0.04": [-13.94548, -1.29256, -4.83045],
						"0.08": [-6.34428, -0.21795, 7.49685],
						"0.12": [0.70488, -0.8096, -4.93418],
						"0.16": [0, 0, 0]
					}
				}
			}
		}
	}
}